{"spot_diameter_fullres": 89.48996643177776, "tissue_hires_scalef": 0.17011142, "fiducial_diameter_fullres": 144.56071500517945, "tissue_lowres_scalef": 0.051033426}