{"spot_diameter_fullres": 177.48170171293427, "tissue_hires_scalef": 0.08250825, "fiducial_diameter_fullres": 286.70121045935537, "tissue_lowres_scalef": 0.024752475}