{"spot_diameter_fullres": 178.37655999999998, "tissue_hires_scalef": 0.08250825, "fiducial_diameter_fullres": 288.1467600000001, "tissue_lowres_scalef": 0.024752475}